ユーザーID,セッション時間帯,アクセス頻度,選択アイテム数,購買
7272,D,多,多,No
18715,C,少,多,Yes
5095,D,少,多,No
5510,C,少,多,No
10029,D,多,多,No
13832,C,少,多,No
3892,C,少,多,No
7894,D,少,多,No
13992,A,少,多,No
21473,D,少,多,No
12702,C,少,多,No
10271,D,少,多,No
21648,C,少,多,Yes
13078,A,少,多,No
14621,B,多,多,Yes
306,C,少,多,No
2363,D,少,多,No
4866,D,多,多,Yes
2911,C,少,多,No
19749,A,多,多,Yes
7322,C,少,多,No
11044,B,少,多,No
277,C,少,多,No
9640,D,少,多,No
8947,B,少,多,No
18950,B,多,多,Yes
19804,D,少,多,No
132,C,少,多,Yes
19579,C,少,多,Yes
2834,D,少,少,No
11753,C,少,多,No
343,C,少,多,No
14572,D,少,多,No
1169,D,少,多,No
14921,C,少,多,No
5498,A,少,多,No
6546,C,少,多,No
5279,A,少,少,Yes
11304,A,少,多,Yes
8717,D,少,少,No
11684,D,少,多,No
12848,C,少,多,No
8180,D,少,多,No
4118,B,多,多,Yes
12630,C,少,多,No
4360,D,少,多,No
12662,D,少,多,No
2871,A,多,多,Yes
6374,D,少,多,No
12483,C,少,多,No
11665,D,少,多,No
4423,A,多,多,Yes
13336,D,少,多,No
11138,A,多,多,Yes
1491,D,少,多,No
19147,C,少,多,No
8157,D,少,多,No
2981,D,多,多,No
12811,C,少,多,No
9278,C,少,多,No
2199,A,少,多,Yes
61,D,多,多,No
8592,C,少,多,Yes
19206,C,少,多,Yes
17598,B,多,多,Yes
12622,D,少,多,No
5191,D,少,多,No
2721,C,少,多,No
13291,D,少,多,No
3315,C,少,多,Yes
12062,D,少,多,No
20688,A,多,多,Yes
13681,C,少,多,No
11276,D,少,少,No
11199,C,少,多,No
13675,C,少,多,No
7315,D,多,多,Yes
10935,C,少,多,No
18438,A,多,多,Yes
18764,C,少,多,No
5790,C,少,多,No
19897,A,少,多,No
20460,C,少,多,No
564,B,少,多,No
717,C,少,多,Yes
20063,D,少,多,No
3099,D,少,多,Yes
19005,C,少,多,No
12355,C,少,多,No
375,A,多,多,Yes
11173,D,少,多,No
6601,C,少,多,No
14956,C,少,多,Yes
6671,C,少,多,No
16145,A,多,多,Yes
15084,B,多,多,Yes
13997,D,少,少,No
5394,D,少,多,No
10407,B,多,多,Yes
10751,C,少,多,No
9403,B,少,多,No
13489,D,多,多,No
11066,B,少,多,No
10447,C,少,多,No
415,B,少,多,No
17364,C,少,多,No
21541,A,多,多,Yes
17164,C,少,多,No
14853,A,少,多,No
15549,A,多,多,Yes
1600,C,少,多,No
11946,C,少,多,No
20759,C,少,多,No
12125,C,少,多,No
3765,D,少,多,No
8803,D,多,多,No
18942,C,少,多,No
11302,A,少,少,Yes
10042,D,多,多,No
4309,D,少,少,No
13115,D,多,多,Yes
9901,A,多,多,Yes
17355,C,少,多,No
9479,B,少,多,No
17699,B,少,多,No
2383,A,多,多,Yes
2116,D,少,多,No
20466,D,少,少,No
10132,C,多,多,Yes
9247,D,多,多,No
4553,B,少,多,No
15327,A,多,多,Yes
16879,C,少,多,No
15490,D,少,多,No
15790,A,少,多,Yes
6266,B,少,多,No
3696,C,少,多,Yes
977,A,多,多,Yes
15758,D,少,多,No
8804,B,多,多,Yes
15993,C,多,多,Yes
12899,C,少,多,No
7822,C,少,多,No
4150,C,多,多,Yes
19553,C,少,多,No
5848,C,少,多,No
18820,C,少,多,No
2895,D,少,多,No
9012,A,多,多,Yes
17077,B,多,多,Yes
9599,C,少,多,No
14071,B,少,多,No
5185,D,多,多,Yes
20790,C,少,多,No
12384,B,少,多,No
14220,B,多,多,Yes
17946,B,少,多,No
8671,D,少,多,No
21135,C,少,多,No
13854,C,少,多,No
12466,C,少,多,No
19437,D,少,多,No
17710,A,少,多,No
6795,C,少,多,No
5888,B,少,多,No
3589,D,多,多,No
1503,C,少,多,No
14554,D,多,多,No
14910,B,少,多,No
557,D,少,多,Yes
2087,C,少,多,No
8201,A,少,多,No
18882,B,少,多,No
13118,C,少,多,No
6216,D,少,多,Yes
17554,C,少,多,No
16585,D,少,多,No
14675,A,多,多,Yes
787,C,多,多,Yes
17745,C,少,多,No
16288,D,少,多,No
19280,D,少,多,No
420,C,少,多,No
15652,C,少,多,No
11412,B,少,多,No
8866,C,少,多,No
21052,C,少,多,No
9344,D,少,多,No
523,C,少,多,No
2315,C,少,多,No
3912,A,多,多,Yes
16260,D,少,多,No
19295,D,少,多,No
12717,D,少,多,No
11294,D,少,多,No
9494,A,少,多,No
13368,C,少,多,No
9661,D,少,多,No
15139,D,少,多,Yes
4583,C,少,多,Yes
15289,D,多,多,No
2415,B,少,多,No
5866,A,少,多,No
21614,C,少,多,Yes
13727,C,少,多,No
14977,C,少,多,No
4571,C,少,多,No
12175,C,少,多,No
8160,D,少,多,No
11129,C,少,多,No
18851,D,多,多,Yes
3990,A,少,多,No
8364,D,少,多,Yes
13156,D,多,多,No
19063,C,少,多,No
13621,C,少,多,No
20381,D,少,少,No
15052,C,少,多,No
18584,A,少,多,No
5098,C,少,多,Yes
4101,C,少,多,No
13200,D,少,多,Yes
12894,C,少,多,No
18649,B,少,多,Yes
17664,A,多,多,Yes
19732,C,少,多,No
642,C,少,多,No
12949,A,少,多,Yes
10278,D,多,多,Yes
13751,D,少,多,No
13238,C,少,多,No
307,D,少,多,No
12,B,多,多,Yes
13053,A,少,多,No
1518,C,少,多,Yes
13857,A,多,多,Yes
11032,B,少,多,No
16020,A,多,多,No
16344,C,少,多,No
9356,D,多,多,Yes
21334,B,少,多,No
15471,D,少,多,Yes
14518,A,多,多,Yes
8781,C,少,多,No
18926,C,少,多,Yes
1940,C,少,多,Yes
1358,C,少,多,No
15650,C,少,多,No
11808,D,多,多,No
10522,C,少,多,Yes
5136,A,少,多,Yes
19145,C,少,多,No
7300,C,少,多,No
8103,C,少,多,No
19098,D,多,多,No
217,D,少,多,No
17179,C,少,多,Yes
17603,C,少,多,Yes
18618,D,少,多,No
16305,C,少,多,No
12563,C,少,多,Yes
10293,C,少,多,No
20826,D,少,多,No
5684,D,少,多,Yes
11531,D,少,多,No
1311,D,多,多,No
691,C,多,多,Yes
6212,D,少,多,No
7966,A,多,多,Yes
677,D,少,多,No
10459,C,少,多,Yes
11483,C,少,多,No
18060,D,多,少,No
18520,C,少,多,No
13811,C,少,多,No
21643,D,多,多,No
3198,A,多,多,Yes
14867,D,多,少,No
6673,D,少,少,No
1086,C,少,多,No
7294,A,少,多,Yes
8690,C,少,多,No
357,C,少,多,Yes
15441,A,多,多,Yes
13700,C,少,多,No
7436,A,多,多,Yes
10609,A,多,多,Yes
14270,B,少,多,No
20821,C,少,多,No
5300,D,少,多,No
16084,A,少,多,No
14004,A,少,多,No
8142,C,少,多,No
11012,C,少,多,No
2395,C,少,多,No
9073,D,多,多,No
18768,C,少,多,No
20889,B,多,多,Yes
2826,B,多,多,Yes
16450,A,少,多,No
9554,C,少,多,Yes
20719,D,少,多,No
8385,A,少,多,No
10692,A,少,多,No
5704,A,少,多,No
20947,B,少,多,No
238,D,多,多,Yes
12882,D,少,少,No
4045,A,多,多,Yes
9702,B,少,多,No
13452,C,少,多,No
12486,D,多,多,No
7675,D,少,多,No
13770,C,少,多,No
4769,C,少,多,No
526,C,少,多,No
3999,C,少,多,No
6126,D,少,多,No
12228,C,少,多,No
19372,B,少,多,No
9911,C,少,多,Yes
17081,C,少,多,Yes
838,D,少,多,No
19881,C,少,多,No
4324,A,少,多,No
20365,C,少,多,Yes
14451,D,少,多,No
12641,D,少,多,Yes
12110,A,少,多,No
353,D,少,多,No
21971,C,少,多,Yes
12180,C,少,多,No
1519,A,多,多,Yes
17842,C,少,多,No
15610,A,多,多,Yes
19847,D,多,少,No
4804,C,少,多,Yes
9355,C,少,多,No
2062,B,少,多,No
16324,B,多,多,Yes
3656,B,多,多,No
7719,D,多,少,No
17275,A,少,多,Yes
7878,C,少,多,Yes
14750,C,多,多,No
18064,C,少,多,No
18193,D,少,多,No
14830,B,多,多,Yes
8850,C,少,多,No
17599,C,少,多,No
20282,C,少,多,No
10146,D,多,少,Yes
9775,D,多,多,Yes
16015,C,少,多,No
14130,D,少,多,No
7568,B,少,多,No
21392,C,少,多,No
16666,C,少,多,No
17127,D,少,多,No
1228,C,少,多,No
3230,B,少,多,No
669,D,少,多,No
12629,D,多,多,Yes
16369,C,少,多,No
17499,A,少,多,No
19358,C,少,多,Yes
5953,A,多,多,Yes
6962,D,少,多,No
1815,D,多,少,Yes
19822,C,少,多,Yes
10816,D,少,多,No
7649,B,多,多,No
10082,D,多,多,No
9849,A,多,多,Yes
20968,C,少,多,No
1457,D,少,多,No
17994,C,少,多,No
17937,C,少,多,No
7795,B,多,多,Yes
6261,B,多,多,Yes
21555,D,多,多,No
3930,A,少,多,No
12200,A,少,多,No
16425,B,少,多,No
1928,C,少,多,No
19386,C,少,多,No
6418,C,少,多,Yes
6072,C,少,多,Yes
8890,B,多,多,Yes
21039,A,少,多,Yes
19858,C,少,多,No
11371,C,多,多,Yes
10273,C,少,多,Yes
16391,C,少,多,No
17862,C,少,多,No
4353,A,少,多,No
13920,C,少,多,No
1531,C,少,多,No
19561,C,少,多,Yes
19678,D,多,少,No
13093,C,少,多,No
1138,D,少,多,Yes
7542,C,少,多,No
14213,B,多,多,Yes
7069,C,少,多,Yes
20827,C,少,多,No
19740,D,多,多,Yes
18487,D,少,多,No
8753,D,少,多,Yes
16328,C,少,多,No
5436,B,少,多,No
84,D,多,多,Yes
5502,A,多,多,Yes
8416,A,多,多,Yes
15780,D,少,多,Yes
10752,C,少,多,No
18080,B,多,少,Yes
14390,D,多,多,Yes
20603,C,少,多,No
8873,D,少,多,No
13482,C,少,多,No
15515,C,少,多,No
5228,C,少,多,Yes
4220,A,多,多,Yes
14631,A,多,多,Yes
18446,A,多,多,Yes
19784,C,少,多,No
5116,D,少,多,No
5384,B,少,多,No
8484,D,多,少,No
3860,B,少,多,No
9929,A,少,多,No
5213,B,少,多,No
3105,C,少,多,No
6816,C,少,多,No
20367,D,少,多,No
11653,C,少,多,Yes
168,D,少,多,No
2945,C,少,多,No
15934,D,少,多,Yes
18435,D,少,多,No
15671,C,少,多,Yes
9312,D,少,多,No
17235,C,少,多,No
8068,A,少,多,No
19670,C,少,多,No
6098,C,少,多,No
16249,C,少,多,Yes
6599,D,多,多,Yes
15603,C,少,多,No
1243,D,多,多,No
33,A,少,多,No
4712,C,少,多,No
21209,C,少,多,No
2668,C,少,多,No
21692,C,少,多,No
17341,D,少,少,Yes
10852,C,少,多,Yes
19537,B,多,多,Yes
13981,C,少,多,No
4094,B,少,多,No
16870,A,少,多,No
866,D,多,多,No
5841,D,多,多,Yes
13204,D,多,多,Yes
10025,D,少,多,No
10117,A,少,多,Yes
14327,C,少,多,Yes
18304,C,少,多,No
15297,C,少,多,No
8772,C,少,多,No
16981,A,少,多,Yes
9116,A,多,多,Yes
11306,C,少,多,No
15051,B,少,多,No
14630,D,少,多,No
7871,A,多,多,Yes
10219,A,多,多,Yes
4037,D,多,多,No
21152,C,少,多,Yes
19982,B,少,多,No
12254,C,少,多,No
15872,C,少,多,No
16550,C,少,多,Yes
11986,C,少,多,No
3371,D,多,多,No
6835,C,少,多,No
5263,C,少,多,No
1536,A,少,多,Yes
21998,B,多,多,Yes
10641,B,少,少,Yes
20014,A,多,多,Yes
21378,A,多,多,Yes
6948,C,少,多,No
4525,D,少,多,No
18172,C,少,多,No
9283,B,少,多,No
5736,D,多,多,No
21278,A,少,多,No
13698,D,少,多,No
20513,C,少,多,No
3491,C,少,多,No
7657,C,少,多,No
13618,C,少,多,Yes
20274,C,少,多,No
19272,A,少,多,No
20681,C,少,多,No
19976,D,少,多,No
10697,C,少,多,No
8215,C,少,多,No
11956,C,多,多,Yes
4278,C,少,多,Yes
335,B,少,多,No
17163,C,少,多,Yes
3159,D,多,多,Yes
14280,C,多,多,Yes
10326,A,少,多,Yes
16584,D,少,多,No
20125,C,少,多,Yes
725,D,多,多,Yes
18525,C,少,多,No
10508,D,多,多,No
1814,C,少,多,No
21319,C,少,多,No
20554,D,多,多,No
1056,D,少,多,Yes
17758,C,少,多,Yes
1146,B,少,少,Yes
10719,B,多,多,No
7475,D,少,多,No
10129,D,少,少,No
16427,C,少,多,No
6129,D,少,多,No
1407,D,少,多,No
16286,C,少,多,No
6579,B,少,多,No
10489,C,少,多,No
16241,C,少,多,No
19130,C,少,多,No
6138,C,少,多,No
20606,D,少,多,No
16673,B,少,多,No
20583,C,少,多,No
9464,B,少,多,Yes
4355,D,少,多,No
18345,C,少,多,No
1604,A,多,多,Yes
6556,D,少,多,No
19328,C,少,多,No
5409,C,少,多,Yes
4609,C,少,多,No
16019,B,多,多,Yes
18692,A,多,多,Yes
12944,D,少,多,Yes
8153,C,少,多,No
6011,C,少,多,No
2626,D,少,少,Yes
338,D,少,多,No
20844,C,少,多,No
15626,A,多,多,Yes
14746,B,少,多,No
16633,B,少,多,No
15922,A,多,多,Yes
2020,C,少,多,Yes
19296,D,少,多,No
18577,C,少,多,No
7746,A,多,多,Yes
6908,B,多,多,Yes
7680,C,少,多,Yes
4604,B,多,多,Yes
19706,C,少,多,Yes
8365,D,少,多,No
870,D,少,多,No
18394,D,少,多,No
15962,C,少,多,No
8108,C,少,多,No
11125,C,少,多,No
18389,C,少,多,No
15012,D,少,多,No
3594,A,多,多,Yes
12958,B,少,多,No
8845,A,多,多,Yes
10131,C,多,多,Yes
18510,A,少,多,No
7582,A,少,多,No
12131,D,少,少,No
2598,D,少,多,Yes
15078,D,少,多,No
5732,B,少,多,No
8895,A,少,多,Yes
15647,D,少,多,No
12121,A,少,多,No
14261,D,少,多,No
9471,C,少,多,No
5029,C,少,多,No
7354,B,少,多,No
15121,A,多,多,Yes
12852,D,少,多,No
20258,A,多,多,Yes
1659,D,少,多,No
11978,C,少,多,No
19429,C,少,多,No
3415,C,少,多,Yes
1284,C,少,多,No
653,B,少,多,No
12266,C,少,多,No
20096,B,少,多,No
7231,D,少,多,No
17636,B,少,多,No
20627,D,少,多,No
235,C,少,多,No
9310,A,多,多,Yes
13620,D,多,多,No
6109,A,少,多,No
5375,C,少,多,No
16195,C,少,多,Yes
9598,C,少,多,No
21295,B,少,多,No
14122,C,少,多,No
16095,A,多,多,No
13020,D,少,多,No
2866,C,少,多,Yes
4935,C,少,多,Yes
11394,B,少,多,No
14400,B,少,多,Yes
2141,D,少,多,No
5543,C,少,多,No
18479,A,多,多,Yes
17744,D,少,多,No
20413,B,多,多,Yes
16400,C,少,多,No
3228,B,少,多,No
21149,D,少,多,Yes
3003,C,少,多,No
10224,D,少,多,No
21272,D,少,多,No
12684,C,少,多,Yes
13396,D,少,少,Yes
15615,D,少,多,No
7511,A,少,多,Yes
1417,A,少,多,No
13540,A,多,多,Yes
11741,B,多,多,Yes
2936,A,少,多,No
18072,A,多,多,Yes
6940,C,少,多,Yes
2102,C,少,多,No
9529,D,多,多,No
14543,C,少,多,Yes
11851,C,少,多,No
21310,A,少,多,Yes
7646,D,少,多,No
11210,D,少,多,No
12208,D,少,多,No
12860,A,少,多,No
21132,A,少,多,Yes
16587,A,多,多,Yes
21058,D,少,多,No
13749,B,多,多,No
19468,C,少,多,No
14023,C,少,多,No
5967,B,多,多,Yes
12167,B,少,多,No
13697,D,少,多,No
19375,B,少,多,Yes
13103,D,多,多,Yes
11151,C,多,多,Yes
16693,D,少,多,No
20504,B,多,多,Yes
8080,D,多,多,Yes
13564,B,少,多,No
10914,C,少,多,No
1737,D,少,多,No
21707,C,少,多,No
6088,D,多,多,Yes
21889,B,少,多,No
10823,D,少,多,No
16424,D,少,多,Yes
6314,B,少,多,Yes
10987,D,多,多,Yes
7860,C,少,多,No
435,C,少,多,No
6757,C,少,多,No
200,C,少,多,No
16983,D,少,多,No
212,A,多,多,Yes
18238,D,少,多,No
13333,A,多,多,No
3810,D,少,多,Yes
19251,C,少,多,Yes
16856,A,少,多,No
10990,B,少,多,No
18462,C,少,多,No
12677,C,少,多,No
11755,C,少,多,No
18632,C,少,多,No
17072,A,少,少,Yes
10012,D,少,多,No
15831,A,少,多,Yes
5172,D,多,多,No
468,A,少,多,Yes
11390,C,多,多,Yes
15523,C,少,多,No
18198,A,少,多,Yes
20411,D,少,多,Yes
9930,D,多,多,No
13469,D,少,多,Yes
3472,D,多,多,Yes
12715,B,少,多,No
13326,B,少,多,No
11591,D,少,多,No
4834,D,少,多,No
1404,C,少,多,Yes
16779,D,少,多,No
6928,B,少,多,No
20593,A,少,多,No
21031,C,少,多,No
14052,D,少,多,No
17011,D,少,多,No
20425,A,少,多,Yes
4202,B,多,少,Yes
14498,D,少,多,No
2244,C,少,多,Yes
19114,A,少,多,Yes
5155,D,多,多,Yes
290,D,少,多,Yes
14552,C,少,多,No
2475,D,多,多,No
485,C,少,多,No
6347,B,多,多,Yes
1497,D,少,多,Yes
15524,D,少,多,No
11002,D,少,多,No
20027,D,多,少,Yes
4315,C,少,多,Yes
20756,C,少,多,No
13717,D,少,多,Yes
14491,C,少,多,No
867,C,少,多,Yes
2169,A,多,多,Yes
16555,C,少,多,Yes
13672,D,少,多,No
20417,B,多,多,Yes
18442,D,少,多,Yes
6955,C,少,多,No
14058,D,少,多,Yes
10583,C,少,多,No
5020,B,多,多,Yes
15586,D,少,多,No
16962,D,少,多,No
8962,C,少,多,No
11999,A,多,多,Yes
20218,A,多,多,Yes
13330,A,少,多,No
14729,D,少,少,No
7246,D,少,多,No
17623,A,多,多,Yes
8452,D,少,多,Yes
8229,C,少,多,No
5503,C,少,多,No
6992,B,多,多,No
7180,C,少,多,No
8528,C,少,多,No
15937,A,多,多,Yes
15717,C,少,多,No
392,A,多,多,Yes
14742,B,少,多,No
8849,D,少,少,Yes
7753,D,少,多,Yes
10892,B,多,多,Yes
5362,B,少,少,Yes
12107,B,少,多,No
16247,D,少,多,No
7185,C,少,多,No
5516,D,少,多,No
3497,C,少,多,No
3948,C,少,多,No
17858,D,少,多,Yes
18908,D,多,多,No
19940,A,多,多,Yes
18914,D,多,多,Yes
3421,C,少,多,No
4721,D,少,多,Yes
16331,B,少,多,No
1193,C,少,多,No
6117,B,多,多,Yes
430,A,少,多,Yes
18197,C,少,多,No
9916,D,少,多,No
13289,B,少,多,No
9129,D,多,少,No
918,C,少,多,Yes
18136,B,多,多,Yes
4975,D,少,多,No
5989,D,少,多,No
7910,C,少,多,No
13047,C,少,多,No
21470,C,少,多,No
16998,C,少,多,No
7660,D,少,多,No
10578,C,少,多,No
21182,B,少,多,No
4903,C,少,多,No
15540,D,少,多,No
1450,D,少,多,No
2436,B,多,多,Yes
6527,C,少,多,No
16152,A,少,多,No
3412,C,少,多,Yes
12181,B,少,多,No
11209,B,多,多,Yes
20475,C,少,多,No
3632,C,少,多,No
6198,B,少,多,No
3405,C,少,多,Yes
10974,C,少,多,No
16050,B,少,多,No
18028,C,少,多,No
21659,A,少,多,No
12813,D,少,多,No
20307,D,少,多,No
709,C,少,多,No
19998,A,多,多,Yes
15538,D,多,多,No
20962,C,少,多,No
18697,C,多,多,Yes
19668,D,多,多,Yes
3977,C,少,多,No
4361,C,少,多,Yes
9906,B,少,多,No
15998,C,少,多,No
20414,A,多,多,Yes
16070,C,少,多,No
15434,C,少,多,Yes
8305,D,少,多,No
8545,C,少,多,No
11113,D,少,多,No
9859,C,少,多,No
22009,C,少,多,Yes
15556,B,少,多,No
15331,D,少,多,No
19793,D,多,多,Yes
13570,D,少,多,No
6158,D,多,多,Yes
2682,D,多,多,No
7346,D,少,多,No
15656,A,少,多,No
4008,C,少,多,Yes
9662,A,多,多,Yes
8332,B,多,多,Yes
1022,D,多,多,Yes
20647,D,多,多,No
3014,D,少,多,No
14887,D,少,多,No
3844,C,少,多,No
5846,D,少,多,No
3804,C,少,多,Yes
20777,C,少,多,No
14896,D,少,多,No
19363,C,少,多,No
4431,D,少,多,No
13864,C,少,多,No
3460,C,少,多,No
10458,A,多,多,Yes
3398,A,少,多,Yes
10124,D,少,多,No
21563,C,少,多,No
15693,A,多,多,Yes
6269,A,多,多,Yes
1813,D,少,多,No
15465,C,少,多,No
5837,C,少,多,No
8837,D,少,少,Yes
13728,D,少,多,No
3181,D,多,少,Yes
14738,D,少,多,Yes
19671,D,少,多,No
10078,D,少,多,No
2464,C,少,多,Yes
17689,D,少,多,No
6740,A,少,多,No
13305,C,少,多,Yes
11734,D,多,多,No
4591,A,多,多,Yes
5800,D,少,多,Yes
4689,C,少,多,Yes
3164,A,多,多,Yes
20113,D,多,多,No
1882,A,多,少,Yes
2633,D,少,多,No
13193,B,多,多,Yes
14833,A,少,多,No
3530,A,少,多,No
19637,A,少,多,Yes
8835,B,少,多,No
14961,D,多,多,No
5688,A,多,多,Yes
260,D,少,少,Yes
15444,B,少,少,Yes
19079,A,多,多,Yes
11912,C,少,多,No
6752,A,少,多,No
8950,B,少,多,No
12079,C,少,多,Yes
2390,C,少,多,No
20186,C,少,多,No
914,B,多,多,Yes
733,C,少,多,No
14268,C,少,多,No
7640,C,少,多,No
20198,D,少,多,No
16380,D,多,多,Yes
9995,D,少,多,No
9193,A,多,多,Yes
10442,A,少,多,Yes
10684,D,少,少,No
13824,C,少,多,No
1843,B,少,多,Yes
21993,D,少,多,Yes
19392,B,多,多,Yes
20668,D,少,多,No
3098,C,少,多,No
10598,C,少,多,No
9333,A,多,多,Yes
4620,D,多,多,Yes
12522,D,少,多,Yes
21224,C,少,多,No
1678,D,少,多,No
19901,A,多,多,Yes
305,C,少,多,No
7945,D,多,多,Yes
13108,C,少,多,No
15851,D,少,多,No
6078,C,少,多,No
19275,D,多,多,Yes
10199,C,少,多,No
9316,C,少,多,Yes
17509,C,少,多,Yes
9600,D,少,多,No
17221,A,少,多,Yes
17504,B,少,多,No
19073,A,少,多,No
14198,C,少,多,No
17644,C,少,多,Yes
20065,D,少,多,No
14673,B,多,少,Yes
14297,C,少,多,No
15206,C,少,多,No
21925,D,少,多,No
1601,D,少,多,No
9433,D,少,多,No
3309,D,多,多,Yes
1734,D,多,多,No
5369,D,少,多,Yes
16954,D,多,多,No
5388,C,少,多,No
15255,B,多,多,Yes
9914,D,多,多,No
513,D,少,多,No
15347,C,少,多,Yes
19899,A,少,多,No
14558,D,少,多,No
19988,C,少,多,No
15456,D,多,多,No
5252,A,少,多,No
17410,B,少,少,Yes
16401,A,少,多,Yes
9785,C,少,多,No
17898,C,少,多,No
7420,D,少,多,No
17274,C,少,多,Yes
21840,A,少,多,No
17183,B,多,多,Yes
2405,D,少,多,No
8259,D,少,多,No
9293,C,少,多,No
16532,C,少,多,No
15719,D,多,少,Yes
13027,C,少,多,Yes
6222,D,多,多,No
20176,D,少,多,Yes
17959,D,少,多,No
17930,C,少,多,No
15767,D,少,多,No
12809,C,少,多,No
9347,A,多,多,Yes
17022,D,少,多,No
16612,D,少,多,No
7710,C,少,多,No
4755,C,少,多,No
9089,B,少,多,No
1161,B,少,多,No
2839,C,少,多,No
18548,D,少,多,No
20631,D,少,多,No
1598,D,少,多,Yes
51,D,少,多,No
1455,D,少,多,Yes
17769,C,少,多,Yes
15536,C,少,多,No
9227,A,多,多,Yes
12051,C,少,多,No
8426,A,少,多,Yes
10374,D,少,多,Yes
10775,D,少,多,No
5862,C,少,多,No
559,D,少,少,No
21471,C,少,多,No
15179,C,少,多,No
19882,D,少,多,No
16661,C,少,多,Yes
2779,C,少,多,No
19212,D,多,多,Yes
18009,A,少,多,No
19722,D,多,少,No
8244,C,少,多,No
14066,D,少,多,Yes
16878,C,多,多,Yes
16238,C,少,多,No
5994,D,少,少,No
2631,A,少,多,No
8558,C,少,多,No
10246,D,少,多,No
8168,C,少,多,No
404,D,少,多,No
14701,D,少,多,No
16355,D,多,多,No
3062,B,多,少,Yes
17174,C,少,多,No
4863,C,少,多,Yes
7931,D,少,多,No
9300,C,少,多,No
1834,A,少,多,No
20160,D,少,多,No
11925,B,多,少,Yes
15617,A,多,多,Yes
7683,C,少,多,Yes
13091,C,少,多,No
9686,B,少,多,No
17473,C,少,多,No
1372,D,多,少,No
16013,B,少,多,Yes
18032,C,少,多,No
17080,C,少,多,Yes
3088,D,少,多,Yes
14988,C,少,多,No
4159,C,少,多,No
17532,C,少,多,No
70,A,少,多,No
4383,C,少,多,No
9695,C,少,多,No
20079,D,少,多,No
20740,B,少,少,Yes
18513,D,少,少,No
15090,D,少,多,No
1909,A,少,多,Yes
1304,D,少,多,Yes
9150,C,少,多,No
2479,D,少,多,No
5865,C,少,多,No
6283,C,少,多,Yes
21791,D,多,多,Yes
18549,A,多,多,Yes
3298,C,少,多,No
8073,D,多,多,Yes
1415,C,少,多,Yes
7599,C,少,多,No
6202,D,多,多,Yes
19081,B,多,多,No
19974,C,少,多,No
21360,A,少,多,Yes
6931,A,少,多,No
15548,D,多,多,No
11962,C,少,多,Yes
3690,A,多,多,Yes
5340,D,多,多,No
4704,A,少,多,No
12385,C,少,多,No
2546,D,多,多,No
15858,C,少,多,No
21238,C,少,多,No
15525,C,少,多,No
6353,D,少,多,No
7408,B,少,少,Yes
3855,D,少,多,No
11595,D,少,多,No
8884,C,少,多,No
3960,D,多,多,Yes
17051,C,少,多,No
19070,D,少,多,No
4376,D,多,少,Yes
19701,C,少,多,No
2963,C,少,多,No
11983,D,少,多,No
16136,D,少,多,No
16383,D,多,多,No
7856,C,少,多,No
17587,D,少,多,No
8584,C,少,多,No
9852,D,少,多,Yes
21220,C,少,多,No
18082,D,多,多,No
11552,D,少,多,No
20833,A,多,多,Yes
1924,D,少,多,No
12201,C,少,多,No
3330,A,多,多,Yes
77,D,多,多,Yes
19652,C,多,多,No
4820,A,多,多,Yes
20382,D,少,多,No
15497,D,少,多,Yes
2784,C,少,多,No
13004,D,少,多,No
19763,C,少,多,Yes
5133,C,少,多,No
17129,C,少,多,Yes
12548,C,少,多,No
3187,D,多,少,Yes
7235,D,少,多,No
15492,C,少,多,No
6335,A,多,多,Yes
16230,A,少,多,No
17375,C,少,多,Yes
143,B,多,少,Yes
11762,A,少,多,No
6255,A,多,多,Yes
10406,A,少,多,No
9545,A,少,多,No
20863,C,少,多,No
11971,D,少,多,No
8547,A,多,多,Yes
19664,D,少,多,No
2061,D,少,多,No
14557,C,少,多,No
20915,D,少,多,No
13510,D,少,多,No
16985,C,少,多,No
12688,C,少,多,No
14006,D,少,多,No
8518,B,多,多,Yes
6128,C,少,多,Yes
91,D,多,多,Yes
4865,C,少,多,Yes
17582,C,少,多,No
8467,D,少,多,No
4348,A,少,多,Yes
20761,C,少,多,No
9781,D,多,多,Yes
4273,D,多,多,No
7652,A,少,多,No
19060,D,少,多,No
2849,D,少,多,No
8889,C,少,多,No
3269,D,少,多,No
21678,C,少,多,No
7442,D,少,少,No
10450,C,少,多,Yes
8817,C,少,多,Yes
9203,D,多,多,No
201,D,少,多,Yes
4953,C,少,多,No
4034,C,少,多,No
21679,D,少,多,No
9670,C,少,多,No
12402,D,多,少,No
14164,C,少,多,No
3698,C,少,多,No
4844,C,少,多,No
21054,B,少,多,No
35,A,少,多,No
16601,C,少,多,No
10474,C,少,多,No
5208,B,少,多,No
19790,B,多,多,Yes
2711,D,少,多,Yes
6971,D,少,多,Yes
3838,A,多,多,Yes
11406,C,少,多,Yes
4227,D,多,多,No
3011,C,少,多,No
4914,B,少,多,No
18805,A,少,多,No
18944,B,多,多,Yes
2454,C,少,多,No
14138,C,少,多,No
6364,D,少,多,No
18430,D,少,多,No
12395,A,少,多,Yes
11941,C,少,多,No
13685,C,少,多,No
8700,C,少,多,No
4878,C,少,多,No
8943,B,多,多,Yes
18797,D,少,多,No
10241,D,少,多,No
18562,C,少,多,Yes
13137,A,多,多,No
118,C,少,多,No
19158,C,少,多,No
14509,B,多,多,Yes
2481,C,少,多,Yes
15285,C,少,多,No
18856,C,少,多,Yes
21650,C,少,多,No
19445,C,少,多,No
7849,C,少,多,No
5891,C,少,多,No
2605,A,多,多,Yes
11118,B,少,多,No
9142,C,少,多,No
11588,B,少,多,No
7019,D,少,多,No
7667,C,少,多,No
13077,D,少,多,No
11420,D,多,少,No
5765,A,多,多,Yes
21048,B,多,多,Yes
5354,C,少,多,Yes
9455,D,多,多,Yes
14949,D,少,多,No
8741,D,多,多,No
8516,C,少,多,No
13461,C,少,多,Yes
3768,D,多,多,No
28,B,少,多,No
3340,C,少,多,No
20745,C,少,多,No
15860,C,少,多,Yes
10274,C,少,多,No
5822,B,多,多,Yes
5807,C,少,多,No
6658,C,少,多,No
141,C,少,多,No
16565,C,少,多,Yes
5986,A,少,多,No
6505,C,少,多,No
8089,C,少,多,No
14929,C,少,多,Yes
21350,D,少,多,No
14782,C,少,多,No
21708,C,少,多,Yes
349,D,多,多,Yes
16196,B,多,多,Yes
19799,C,少,多,No
12951,D,少,多,No
13851,B,多,多,Yes
3722,A,多,多,Yes
13552,A,多,多,Yes
7307,C,少,多,Yes
18729,C,少,多,No
12937,A,少,多,No
19731,D,少,多,No
10426,D,少,多,No
11467,C,少,多,No
10939,C,少,多,Yes
5757,A,多,多,Yes
679,D,少,多,No
207,C,少,多,No
3727,C,少,多,No
18087,D,少,少,No
10504,D,少,多,No
3891,C,少,多,No
19084,C,少,多,No
19497,C,少,多,No
3401,C,少,多,No
18664,C,少,多,No
16223,C,少,多,No
17857,D,少,多,No
3995,C,少,多,No
2597,B,少,多,No
21040,B,少,多,No
17739,A,少,多,No
13209,D,少,多,No
3914,C,少,多,No
3383,D,少,多,No
10521,B,少,多,No
6745,C,少,多,No
7057,B,多,多,Yes
8217,A,少,多,No
13812,A,少,多,No
5646,C,少,多,No
10227,B,少,多,No
11522,C,少,多,No
6275,B,少,多,No
18823,A,多,多,Yes
8748,C,少,多,No
20229,B,多,多,Yes
8198,D,多,多,Yes
21798,D,少,多,No
5089,D,少,多,No
8688,B,多,多,Yes
13296,B,少,多,No
10091,D,少,多,No
1966,C,少,多,No
2149,D,多,多,No
9952,C,少,多,Yes
9389,C,少,多,No
14848,B,多,多,No
16351,D,少,多,Yes
6665,B,少,多,No
3449,B,少,多,Yes
20011,D,少,多,No
7146,B,少,多,No
14040,B,少,多,No
19696,D,少,多,No
14813,C,少,多,Yes
20651,A,少,多,No
12177,C,少,多,Yes
14769,B,多,少,Yes
16689,C,少,多,Yes
16993,A,少,多,No
6511,B,少,多,No
4575,D,少,多,No
5880,D,多,多,Yes
4216,C,少,多,No
6966,D,少,多,No
13471,D,少,多,No
845,D,少,多,No
7558,D,少,多,No
19817,D,少,多,No
7788,A,多,多,Yes
10,C,少,多,No
21066,B,多,多,No
17476,C,少,多,Yes
205,B,多,多,No
21785,C,少,多,No
12578,D,少,多,No
10487,A,少,多,Yes
8514,C,少,多,No
7247,B,少,多,No
4558,D,少,多,No
760,B,多,多,Yes
10076,D,多,多,No
3978,D,少,多,No
16738,D,少,多,Yes
20791,C,少,多,No
6545,A,少,多,Yes
7743,C,少,多,No
12946,B,少,多,No
16291,D,少,多,Yes
13912,C,少,多,No
5928,C,多,多,Yes
13381,C,少,多,Yes
9034,C,少,多,No
14330,D,多,多,No
13366,C,少,多,Yes
8083,C,少,多,No
4354,C,少,多,No
2213,D,少,多,No
19075,D,少,多,No
5276,C,少,多,No
869,C,少,多,No
6496,D,多,多,No
2424,C,少,多,No
6975,D,少,多,No
18039,D,少,多,No
19631,D,少,多,No
14776,A,少,多,No
13337,C,少,多,Yes
17015,C,少,多,No
9132,C,少,多,No
7220,D,多,多,Yes
13449,C,少,多,No
6608,A,少,多,No
15270,C,少,多,No
17316,C,少,多,No
20401,D,少,少,Yes
19352,D,少,多,No
9853,D,少,多,No
1323,A,多,多,Yes
1990,D,少,多,No
8298,C,少,多,Yes
5152,C,少,多,No
13168,C,少,多,No
877,D,多,多,Yes
18724,C,少,多,No
14754,C,少,多,No
12192,D,多,多,No
18395,C,少,多,Yes
21918,D,少,多,No
10868,C,少,多,No
1520,A,少,多,No
12279,C,少,多,No
15513,A,少,多,No
20430,D,少,少,Yes
1302,D,少,多,No
20271,C,少,多,Yes
6521,C,少,多,No
16670,A,多,多,Yes
548,C,少,多,Yes
7526,C,少,多,No
19667,C,少,多,No
13310,A,多,多,Yes
10383,D,少,多,No
20690,C,少,多,Yes
11884,C,少,多,No
19433,B,少,多,No
1255,D,少,多,No
21540,A,多,多,Yes
19156,D,少,多,No
18425,B,少,多,No
12529,C,少,多,Yes
2066,D,少,多,No
20979,A,少,多,Yes
17974,C,少,多,No
11561,B,少,多,No
14615,C,少,多,No
16456,C,少,多,No
1740,C,少,多,No
5607,D,少,多,Yes
21754,D,少,多,No
18122,D,多,多,Yes
1134,C,少,多,No
6001,C,多,多,Yes
472,B,少,多,No
21757,A,少,多,No
15320,C,少,多,No
10544,B,多,多,Yes
12129,B,少,多,No
18106,D,多,多,Yes
21768,C,少,多,No
19449,C,少,多,No
11507,D,多,多,No
21788,D,少,少,No
18598,C,少,多,No
3290,D,多,少,No
9324,B,多,少,Yes
10015,D,少,多,No
3474,B,少,多,No
11003,A,多,多,Yes
19360,D,少,少,No
3317,B,少,多,No
17056,C,少,多,No
6209,B,多,多,Yes
4985,B,少,多,No
12775,A,少,多,No
9697,C,少,多,No
20002,A,少,多,No
2723,B,少,多,No
13835,C,少,多,No
12237,C,少,多,No
19430,C,少,多,Yes
5099,C,少,多,No
17681,D,少,多,Yes
4343,A,多,多,Yes
9722,C,少,多,No
6010,D,少,多,No
15654,C,少,多,Yes
13818,D,多,多,Yes
10797,A,少,多,No
3270,C,少,多,No
15044,D,少,多,No
1579,D,少,多,No
13598,C,少,多,No
14272,A,少,多,Yes
13616,D,少,少,No
20830,C,少,多,No
4033,D,少,多,No
2463,C,少,多,No
464,D,少,多,No
6849,D,少,多,No
9019,C,少,多,Yes
12602,C,少,多,No
20936,C,少,多,No
13377,A,多,多,Yes
413,B,少,多,No
14885,D,少,多,No
1175,D,少,多,Yes
11529,C,少,多,Yes
5587,D,多,少,No
20145,C,多,多,Yes
12806,D,多,多,Yes
15023,A,少,多,No
5532,C,少,多,Yes
10411,C,少,多,No
13046,C,多,多,No
4495,C,少,多,No
330,C,少,多,No
14137,C,少,多,Yes
1550,D,少,多,No
7421,B,少,多,No
21702,C,少,多,Yes
2662,D,少,少,No
2018,A,多,多,Yes
3091,C,少,多,No
20091,D,少,多,No
10971,D,多,少,Yes
6004,C,少,多,No
19816,D,少,多,No
14195,D,少,多,No
17695,D,少,多,No
6654,C,少,多,Yes
16800,C,少,多,No
18212,C,少,多,No
3967,B,多,多,Yes
7593,D,少,多,No
2801,D,多,多,No
15365,A,少,多,Yes
4789,A,多,多,Yes
3542,C,少,多,No
21610,C,少,多,No
7821,A,少,多,Yes
3923,B,多,多,Yes
21129,B,多,多,Yes
2295,D,少,多,No
6720,D,少,多,No
2394,C,少,多,No
11872,B,多,多,No
3981,C,少,多,No
15485,A,多,多,Yes
17782,D,少,多,No
10715,C,少,多,No
583,C,少,多,No
2630,D,少,多,No
2661,C,少,多,No
14316,C,少,多,No
14515,D,少,多,Yes
11240,D,少,少,Yes
11413,C,少,多,No
8362,B,少,多,No
20617,C,少,多,No
571,C,少,多,No
13589,D,少,多,Yes
10160,D,少,多,No
7767,D,少,多,No
20310,C,少,多,Yes
18687,D,少,多,No
17586,D,多,多,Yes
12853,D,少,多,No
1456,C,少,多,Yes
19329,A,少,多,No
10933,B,多,多,No
8820,B,少,多,No
4855,D,多,多,Yes
17720,A,少,多,No
17951,A,多,多,Yes
17731,D,多,多,No
18883,B,少,少,Yes
13503,C,少,多,No
16458,A,多,多,Yes
16712,C,少,多,No
10606,C,少,多,Yes
19686,C,少,多,No
8171,D,多,多,Yes
15866,C,少,多,No
4032,C,少,多,No
1179,B,少,少,Yes
16165,C,少,多,No
21090,A,少,多,Yes
13988,B,少,多,No
13301,C,少,多,No
18850,C,少,多,No
4,A,多,多,Yes
1221,A,多,多,Yes
4498,B,少,多,No
6593,C,少,多,No
19990,D,多,多,No
14084,C,少,多,No
1437,C,少,多,No
5750,C,少,多,No
21952,B,少,多,No
2946,B,少,多,No
17727,D,少,多,No
16896,D,多,多,Yes
19827,B,少,多,No
1589,A,少,多,No
20400,A,少,多,No
15275,C,少,多,No
11914,C,少,多,No
15749,C,少,多,No
3232,A,多,多,Yes
10870,B,少,多,No
5058,C,少,多,No
9496,C,少,多,No
1628,C,少,多,No
13123,D,少,多,No
17304,C,少,多,No
5766,C,少,多,Yes
3285,A,多,多,Yes
18251,B,多,多,Yes
130,A,少,多,No
18751,C,少,多,No
14705,A,少,多,No
20792,B,少,多,Yes
4998,C,少,多,No
3997,D,少,多,Yes
5284,D,少,少,Yes
3429,D,少,少,No
3101,C,多,多,Yes
3227,D,多,多,Yes
13026,D,少,多,No
2685,A,少,多,Yes
2079,C,少,多,No
14659,C,少,多,Yes
18041,D,少,多,No
21335,B,少,多,No
16763,C,少,多,No
652,C,少,多,Yes
20813,D,少,多,No
13457,C,少,多,Yes
9504,D,少,多,No
5040,B,少,多,No
11063,C,少,多,No
1848,B,少,多,No
2863,C,少,多,No
17616,A,少,多,No
11579,C,少,多,Yes
18314,C,少,多,No
18189,C,少,多,No
4385,D,少,多,No
2275,B,多,多,Yes
4915,C,少,多,No
4696,C,少,多,No
2926,C,少,多,No
21021,D,多,多,Yes
7968,A,多,多,Yes
5338,B,少,多,No
9829,D,少,多,No
9751,A,多,多,Yes
8800,A,少,多,No
21109,D,多,多,No
9151,D,多,多,No
17545,D,少,多,Yes
15752,D,多,多,Yes
8438,D,少,多,No
14608,C,少,多,Yes
7664,C,少,多,No
15736,C,少,多,No
13707,D,少,多,Yes
2445,D,少,少,No
18537,B,少,多,No
6050,D,少,多,No
5870,D,少,多,No
12496,C,少,多,No
11867,C,少,多,Yes
12161,A,少,多,Yes
15584,C,少,多,No
20578,C,少,多,No
11854,B,少,多,Yes
1611,C,少,多,No
4880,D,多,多,Yes
5016,D,少,多,No
2084,A,少,多,No
9800,A,少,多,No
8735,C,少,多,No
2130,C,少,多,No
11362,A,少,多,No
20088,B,少,多,No
13739,C,少,多,No
7131,D,少,多,Yes
16623,D,少,少,Yes
11937,D,少,多,No
15871,D,少,多,No
2905,A,少,多,Yes
17524,D,多,多,No
20142,D,少,多,No
8580,D,少,多,No
10051,C,少,多,No
2530,D,少,少,No
6167,C,少,多,No
18828,B,少,多,Yes
9795,C,少,多,Yes
17001,C,多,多,Yes
18804,A,少,多,Yes
19091,B,多,多,Yes
21646,D,少,少,No
6405,C,少,多,No
5999,A,少,多,No
18813,C,少,多,No
12056,D,少,多,No
10781,D,多,多,Yes
3554,D,多,少,Yes
9432,B,多,多,Yes
3358,C,少,多,No
18097,C,少,多,No
2606,B,多,多,Yes
21556,C,少,多,Yes
6019,C,少,多,No
5541,C,少,多,No
5150,C,少,多,No
2097,D,多,多,Yes
765,D,少,多,No
8310,C,少,多,No
9221,C,少,多,No
631,D,多,多,Yes
13511,C,少,多,No
12631,D,少,多,No
1907,C,少,多,No
7462,C,少,多,No
10303,A,多,多,Yes
11401,D,多,多,No
6207,D,少,多,No
5791,D,多,多,No
11364,A,少,多,Yes
14103,C,少,多,No
8126,D,少,多,No
1336,B,少,多,No
21584,A,多,多,Yes
18139,D,多,多,Yes
10445,B,少,多,No
14796,D,少,多,No
768,C,少,多,Yes
14089,C,少,多,No
13172,D,少,多,Yes
20161,D,少,多,Yes
1861,C,少,多,No
21531,B,少,多,No
10040,C,少,多,No
21110,D,多,多,Yes
15374,C,少,多,No
9614,C,少,多,No
8049,A,少,多,No
18341,D,多,多,No
17548,C,少,多,No
2651,C,少,多,No
8892,B,少,多,No
1113,C,少,多,Yes
6281,B,少,多,No
12404,D,多,多,No
9250,A,少,多,No
13206,D,少,多,No
14331,C,少,多,Yes
21521,D,少,多,No
17954,D,少,多,No
14339,D,少,多,No
14493,B,多,多,Yes
1767,C,少,多,No
12251,C,少,多,No
19857,C,少,多,Yes
3780,A,多,多,Yes
7563,D,少,少,No
14053,C,少,多,No
3792,C,少,多,Yes
13101,A,少,多,No
9925,C,少,多,No
15102,D,少,多,No
3712,C,少,多,No
1388,A,少,多,No
4605,C,少,多,No
21121,C,少,多,Yes
17172,B,少,多,No
21141,B,少,多,No
6747,A,少,多,Yes
15058,A,少,多,Yes
11958,B,少,多,No
7179,C,少,多,No
11615,C,少,多,Yes
5931,D,多,多,No
19859,C,少,多,No
21746,C,少,多,Yes
9446,D,少,多,No
11143,D,少,多,No
380,C,少,多,Yes
5451,C,少,多,No
12185,C,少,多,No
2446,D,多,少,Yes
15923,C,少,多,No
3849,C,少,多,No
4204,C,少,多,No
10393,C,少,多,No
7031,D,少,多,No
8297,D,多,多,Yes
5857,D,少,多,No
7094,C,少,多,No
5830,A,多,多,Yes
16696,C,少,多,Yes
11933,D,多,多,Yes
18207,C,少,多,No
15302,C,少,多,No
20754,C,少,多,No
17028,A,多,多,Yes
5210,B,多,少,Yes
16265,B,少,多,No
10558,D,少,少,No
17351,B,多,少,Yes
10033,D,多,多,No
18029,C,少,多,No
7794,B,少,多,No
789,C,少,多,No
16061,C,少,多,No
12536,C,少,多,No
14149,C,少,多,No
1701,B,少,多,No
21199,D,少,少,No
6967,C,少,多,No
2736,A,少,多,Yes
10404,C,少,多,No
10509,A,少,少,Yes
18481,D,少,多,No
1075,B,少,多,No
15514,A,少,多,No
17572,A,少,多,No
18788,C,少,多,Yes
14225,C,少,多,No
2012,D,多,多,No
15333,D,少,多,No
8390,A,少,多,No
17014,D,少,多,Yes
15276,C,少,多,No
4230,D,少,多,No
12448,D,多,多,No
20337,B,多,多,Yes
6872,C,少,多,Yes
5659,C,少,多,Yes
10631,D,多,多,Yes
5289,C,少,多,Yes
13678,B,少,多,No
20464,A,多,多,Yes
3293,D,少,多,No
7084,C,少,多,No
3532,C,少,多,No
828,D,少,多,No
12598,B,少,多,No
15229,C,少,多,No
20621,D,少,多,No
2314,A,多,多,Yes
21733,D,少,多,No
20696,C,少,多,No
20535,C,少,多,Yes
15279,D,多,多,No
3885,D,多,多,No
18533,C,少,多,Yes
13088,D,少,多,No
19439,D,少,多,No
5716,C,少,多,No
4647,C,少,多,No
18176,B,少,多,No
9318,B,少,多,No
7467,C,少,多,No
578,B,多,多,Yes
9822,A,少,多,No
5453,C,少,多,No
13852,C,少,多,Yes
4106,C,少,多,No
18871,B,少,多,No
4092,C,少,多,Yes
12209,C,少,多,No
5786,B,少,多,No
9721,C,少,多,Yes
808,C,少,多,No
1563,D,少,多,No
4323,D,少,多,No
12501,D,少,多,No
19300,D,少,多,No
2683,C,少,多,No
19099,C,少,多,No
18500,A,多,多,Yes
6217,A,少,多,No
16106,B,少,多,Yes
21964,D,多,多,Yes
4806,C,少,多,Yes
11275,C,少,多,No
1154,D,少,多,No
3112,C,少,多,Yes
5015,C,少,多,No
3345,C,少,多,No
6095,A,多,多,Yes
14429,A,少,多,No
15720,D,多,多,No
4514,A,多,多,Yes
14565,D,少,多,Yes
2785,A,少,多,No
13234,C,少,多,No
18573,A,少,多,Yes
314,A,少,多,Yes
16151,A,少,少,Yes
5411,B,少,多,No
1758,B,多,多,Yes
20726,B,多,少,Yes
17881,C,多,多,Yes
16621,C,少,多,No
18399,C,少,多,No
11781,B,多,多,Yes
5634,A,多,多,Yes
926,C,少,多,No
18527,C,少,多,No
1851,D,少,多,No
1298,A,多,多,Yes
14893,D,少,多,No
12558,D,少,多,Yes
19427,C,少,多,Yes
7171,C,少,多,No
9063,B,多,多,Yes
14281,C,少,多,No
19066,D,少,多,No
9830,D,少,多,No
16489,C,少,多,No
11540,D,少,多,No
8414,A,多,多,Yes
13475,C,少,多,No
10718,B,多,多,Yes
21734,C,少,多,No
561,D,少,多,No
4964,D,少,多,No
19456,C,少,多,No
4692,A,少,多,Yes
13104,C,少,多,No
611,C,少,多,No
13073,C,少,多,Yes
3686,D,多,多,No
4924,C,少,多,Yes
14365,C,少,多,No
19975,D,少,多,No
17768,C,少,多,Yes
11201,D,多,多,No
15818,A,多,多,Yes
11991,D,少,多,No
15457,A,少,多,Yes
15803,C,少,多,No
1118,D,多,多,No
12779,C,少,多,No
5271,C,多,多,Yes
4653,D,少,多,No
1477,C,少,多,No
673,C,少,多,Yes
1170,C,少,多,No
984,C,少,多,No
15990,B,多,多,Yes
4562,C,少,多,No
2808,C,少,多,Yes
16845,C,少,多,No
18318,D,多,多,Yes
9944,C,少,多,No
5053,D,少,多,Yes
727,C,少,多,No
1558,C,少,多,No
4193,C,少,多,No
20519,C,少,多,No
4485,C,少,多,No
15256,C,少,多,Yes
11964,C,少,多,Yes
21700,C,少,多,No
19009,B,少,多,No
9008,D,多,少,No
14668,C,少,多,No
14954,C,少,多,No
4180,A,少,多,No
2181,A,少,多,No
5892,C,少,多,Yes
15307,B,少,多,Yes
9367,C,少,多,No
18821,D,多,少,Yes
21799,A,少,多,No
6443,C,少,多,No
6539,D,少,多,No
5998,D,少,多,No
18810,D,少,多,No
20511,D,多,少,No
10194,D,少,多,No
10725,D,少,多,No
7858,A,少,多,Yes
15091,C,少,多,No
11171,A,少,多,No
16468,D,少,多,No
15489,D,少,多,Yes
11641,B,少,多,No
7861,C,少,多,No
10539,D,多,多,Yes
21590,D,多,少,No
12921,D,少,多,No
1509,D,少,多,No
8458,C,少,多,No
21190,D,多,少,Yes
20530,C,少,多,No
8035,C,少,多,No
18759,D,少,多,Yes
15856,B,少,多,No
12927,A,少,多,No
8337,C,少,多,No
10243,B,多,多,Yes
4911,D,少,多,Yes
5466,C,少,多,No
4895,D,少,多,No
11182,C,少,多,No
13338,B,少,多,No
2101,C,少,多,No
5109,C,少,多,No
684,D,多,多,Yes
6030,C,少,多,No
9544,D,少,多,No
1557,D,少,多,Yes
21816,C,少,多,No
16986,A,多,多,Yes
12262,A,多,多,Yes
5823,C,少,多,No
10520,D,多,多,Yes
11545,C,少,多,Yes
8246,A,少,多,No
3427,D,少,多,No
21849,C,少,多,No
1692,C,少,多,Yes
17980,B,多,多,Yes
8505,A,多,多,Yes
1911,A,多,多,Yes
17814,D,少,多,No
805,D,多,少,Yes
9727,D,多,多,No
7877,D,少,多,No
19154,C,少,多,Yes
19118,D,少,多,No
8032,D,少,少,No
20469,D,少,多,No
11502,C,少,多,Yes
13921,C,少,多,No
9761,C,少,多,No
19519,D,少,多,No
20669,C,少,多,No
14647,A,多,多,Yes
11758,B,少,多,No
10055,B,少,多,No
5825,C,少,多,No
11630,D,少,多,No
16455,D,少,多,No
19040,C,少,多,No
5804,D,少,多,No
21067,D,多,多,No
20564,C,少,多,No
20189,C,少,多,No
1956,A,多,多,Yes
11499,D,少,多,No
17004,D,少,多,No
13335,C,少,多,No
8465,D,少,多,Yes
3480,B,少,多,No
5204,A,多,多,Yes
801,B,多,多,No
1121,C,少,多,No
2386,D,少,少,Yes
7854,B,多,多,Yes
4868,A,少,多,No
3180,D,少,少,No
15125,B,少,多,No
13782,C,少,多,Yes
1160,A,少,多,Yes
6350,A,少,多,No
20613,D,少,多,No
6817,D,多,少,Yes
14470,D,少,多,No
5949,D,少,多,No
9267,C,少,多,No
7331,C,少,多,No
8561,D,少,多,No
3435,C,少,多,No
7010,C,少,多,No
13218,C,少,多,No
2897,C,少,多,Yes
13445,C,少,多,No
21348,D,少,多,No
18637,C,少,多,No
3045,B,少,多,No
19365,B,多,多,Yes
8282,D,少,多,No
8599,A,多,多,Yes
9263,D,少,多,No
5382,B,多,多,No
19407,A,多,多,Yes
18391,A,多,多,Yes
20020,D,多,多,No
7241,C,少,多,No
21157,D,少,少,No
11679,A,少,多,Yes
4388,C,少,多,No
15397,D,多,多,No
2638,C,少,多,Yes
710,D,少,少,No
18541,C,少,多,Yes
13985,C,少,多,No
21975,C,少,多,No
18721,C,少,多,No
5195,D,少,多,No
5968,C,少,多,No
12473,C,少,多,No
12263,B,多,多,Yes
9729,A,多,多,Yes
4551,B,少,多,No
16067,D,少,多,No
20233,C,少,多,No
11329,D,少,多,No
21241,D,少,多,No
15120,B,多,多,Yes
20841,A,少,多,No
10783,C,少,多,Yes
10425,C,少,多,No
15005,A,少,多,No
4166,D,少,少,Yes
14347,C,少,多,No
20976,B,少,多,No
18834,D,少,多,No
4753,D,少,多,No
17742,D,多,多,Yes
21403,C,少,多,No
7665,C,少,多,No
15712,D,少,多,No
11839,B,少,多,No
7935,C,少,多,No
19526,A,少,多,No
18609,D,少,多,Yes
21983,C,少,多,No
2392,C,少,多,No
86,B,少,多,No
1420,B,多,多,Yes
11349,C,少,多,No
3051,A,少,多,No
11536,C,少,多,No
15129,D,多,多,Yes
20252,D,少,多,Yes
12760,B,少,多,No
21146,C,少,多,Yes
8836,B,多,少,Yes
4300,A,少,多,No
1046,C,少,多,Yes
15918,C,少,多,No
10058,B,少,多,No
1397,C,少,多,No
7782,C,少,多,No
1634,C,少,多,No
15746,C,少,多,No
15809,D,多,多,Yes
21074,B,少,多,No
6885,C,少,多,No
8274,D,少,多,Yes
4613,D,少,多,No
11298,D,少,多,No
2322,D,少,多,No
19092,D,少,多,No
6213,D,多,多,No
12132,B,多,少,Yes
4256,C,少,多,Yes
15296,D,多,少,No
4982,C,少,多,No
5119,C,少,多,No
6311,C,少,多,No
10877,B,少,多,No
11166,D,少,多,No
21365,D,少,多,No
17197,C,少,多,No
1317,C,少,多,Yes
11714,A,多,多,Yes
2669,B,少,多,No
3439,C,少,多,No
21710,C,少,多,No
18250,A,少,多,No
911,C,少,多,Yes
21336,D,少,多,No
8807,D,多,多,No
9023,A,少,多,Yes
8210,D,少,多,Yes
2410,D,少,多,No
19730,D,少,多,No
18712,C,少,多,No
17651,D,少,多,No
18919,B,少,多,No
9989,D,少,多,No
1621,C,少,多,No
18732,D,少,多,No
8718,C,少,多,No
21499,C,少,多,No
4400,D,多,多,No
16479,D,少,多,No
7730,C,少,多,No
3005,B,多,多,Yes
663,D,少,多,No
20370,C,少,多,No
5463,D,少,多,No
13196,D,少,多,No
2969,C,少,多,Yes
12887,C,少,多,No
17130,B,少,少,Yes
8540,C,少,多,No
10440,C,少,多,No
4271,B,少,多,Yes
4103,A,多,多,Yes
11363,C,少,多,No
11838,A,少,多,No
16109,C,少,多,Yes
6909,C,少,多,No
9509,D,多,多,No
7758,D,少,多,No
9728,D,少,多,No
14017,A,少,多,Yes
17608,D,少,多,No
8746,D,少,多,No
6541,B,少,少,Yes
14792,C,少,多,No
10368,C,少,多,No
20215,D,少,多,Yes
7992,C,少,多,No
2004,C,少,多,No
3018,C,少,多,No
2413,D,少,少,No
11746,C,少,多,No
20600,A,多,多,Yes
12967,C,少,多,No
9163,D,少,多,No
6425,D,少,多,No
2142,D,少,少,No
21873,A,少,多,Yes
16906,C,少,多,Yes
879,C,少,多,No
528,D,少,多,No
